mRNA,RNAseq,stat
DCTN2_3,EIF4A1_1,2560.6
DCTN2_3,ARPC4_1,2021.8
ST8SIA1_3,EIF4A1_1,1948.2
DCTN2_3,PAIP1_1,1922.3
DCTN2_3,SNX5_1,1825.1
DCTN2_3,SUMO3_1,1817.6
DCTN2_3,CETN2_1,1779.2
DCTN2_3,SF3B4_1,1755.8
ST8SIA1_3,ARPC4_1,1516.5
ST8SIA1_3,PAIP1_1,1453.9
ST8SIA1_3,SUMO3_1,1429.1
ST8SIA1_3,SF3B4_1,1390.3
ST8SIA1_3,SNX5_1,1356.6
ST8SIA1_3,CETN2_1,1255.4
FUT5_3,EIF4A1_1,1252.4
XPA_3,EIF4A1_1,1071.7
FUT5_3,ARPC4_1,976.6
FUT5_3,PAIP1_1,922.7
FUT5_3,SF3B4_1,898
FUT5_3,SNX5_1,887.4
FUT5_3,SUMO3_1,865.6
XPA_3,ARPC4_1,838.2
RETSAT_3,EIF4A1_1,831.3
FUT5_3,CETN2_1,827.6
XPA_3,PAIP1_1,814.9
XPA_3,SF3B4_1,789.5
XPA_3,SNX5_1,774.2
TAF4B_3,EIF4A1_1,768.2
XPA_3,SUMO3_1,763.9
XPA_3,CETN2_1,716.7
RETSAT_3,ARPC4_1,650.5
RETSAT_3,PAIP1_1,623.7
TAF4B_3,ARPC4_1,612.7
RETSAT_3,SUMO3_1,592.6
RETSAT_3,SF3B4_1,577.4
RETSAT_3,SNX5_1,576.9
TAF4B_3,PAIP1_1,569.6
TAF4B_3,SF3B4_1,564.6
TAF4B_3,SNX5_1,562
TAF4B_3,SUMO3_1,551.8
RETSAT_3,CETN2_1,542.8
UNG_3,EIF4A1_1,529.5
TAF4B_3,CETN2_1,503.9
RAD23A_3,EIF4A1_1,425.8
UNG_3,ARPC4_1,413.4
UNG_3,PAIP1_1,409.9
UNG_3,SUMO3_1,382
UNG_3,SF3B4_1,381.9
UNG_3,SNX5_1,378.5
UNG_3,CETN2_1,355.9
RAD23A_3,ARPC4_1,335.7
TAF9_3,EIF4A1_1,318.6
RAD23A_3,PAIP1_1,318
RAD23A_3,SNX5_1,300.6
RAD23A_3,SF3B4_1,297.1
RAD23A_3,SUMO3_1,292.8
CYP7B1_3,EIF4A1_1,288.2
RAD23A_3,CETN2_1,279.8
ARHGDIB_3,EIF4A1_1,259
TAF9_3,ARPC4_1,250.2
TAF9_3,CETN2_1,240.3
TAF9_3,SNX5_1,229.8
TAF9_3,PAIP1_1,228.1
CYP7B1_3,CETN2_1,221.5
CYP7B1_3,ARPC4_1,217.8
DCTN2_3,ATP5G3_1,213.4
CYP7B1_3,PAIP1_1,208.5
TAF9_3,SF3B4_1,208.1
CYP7B1_3,SNX5_1,206.4
ARHGDIB_3,PAIP1_1,200.2
TAF9_3,SUMO3_1,199.8
ARHGDIB_3,ARPC4_1,198.2
ARHGDIB_3,SF3B4_1,192.1
ARHGDIB_3,SUMO3_1,183.1
ARHGDIB_3,CETN2_1,183.1
CYP7B1_3,SF3B4_1,181.2
ARHGDIB_3,SNX5_1,179.2
CYP7B1_3,SUMO3_1,173.2
ST8SIA1_3,ATP5G3_1,136.6
MMP2_3,EIF4A1_1,135.9
CYP7B1_3,PARP2_1,123.1
FUT5_3,ATP5G3_1,117.4
CH25H_3,EIF4A1_1,117.1
CYP7B1_3,SDHC_1,113.8
RETSAT_3,ATP5G3_1,111.4
CYP7B1_3,ATIC_1,111.2
MMP2_3,ARPC4_1,109.1
CYP7B1_3,DDX42_1,108.2
CYP7B1_3,ALDOA_1,107.8
XPA_3,ATP5G3_1,107.6
MMP2_3,PAIP1_1,106.5
CYP7B1_3,RBMX_1,104.7
CYP7B1_3,QARS_1,102.7
MMP2_3,CETN2_1,99.2
MMP2_3,SUMO3_1,99
SQRDL_3,ALDOA_1,98.3
MMP2_3,SF3B4_1,97.1
TAF4B_3,ATP5G3_1,96.3
MMP2_3,SNX5_1,95.7
SQRDL_3,ATP5G3_1,95.5
RDH16_3,EIF4A1_1,94.6
ST3GAL6_3,EIF4A1_1,94
CH25H_3,PAIP1_1,93.6
CYP7B1_3,PIGY_1,92.3
CH25H_3,ARPC4_1,89
TAF9_3,TRA2B_1,88.5
CH25H_3,SF3B4_1,86.8
CH25H_3,SUMO3_1,85.2
CH25H_3,SNX5_1,85
CYP7B1_3,ECH1_1,84
CH25H_3,CETN2_1,81.2
CYP7B1_3,EXOSC2_1,81.1
SQRDL_3,TBL3_1,80.9
ST3GAL6_3,SUMO3_1,80.1
ST3GAL6_3,ARPC4_1,76.6
CYP7B1_3,HNRNPU_1,74.2
RDH16_3,ARPC4_1,73.3
CYP7B1_3,ATP5G3_1,72.2
ST3GAL6_3,SF3B4_1,70.8
ST3GAL6_3,PAIP1_1,70.6
RDH16_3,SUMO3_1,70.3
RDH16_3,PAIP1_1,68.7
SQRDL_3,HNRNPA3_1,67.9
TAF9_3,COX7C_1,67.3
CYP7B1_3,SNRPA_1,66.8
RDH16_3,SF3B4_1,66.5
SQRDL_3,RNF7_1,65.9
SQRDL_3,SOD1_1,64.2
SQRDL_3,UQCR10_1,62.6
RDH16_3,SNX5_1,62.5
PGM2_3,EIF4A1_1,62.4
SQRDL_3,COX5B_1,62.4
CYP7B1_3,RAD23A_1,61.5
ST3GAL6_3,SNX5_1,60.6
TAF9_3,TAF9_1,60.3
ST8SIA1_3,DYNLL1_1,59.9
SQRDL_3,EIF1AX_1,59.3
SQRDL_3,HMGB1_1,58.9
RDH16_3,CETN2_1,58.2
UNG_3,ATP5G3_1,57.7
SQRDL_3,EIF1_1,57.5
ST3GAL6_3,ATP5A1_1,56.3
SQRDL_3,ATP5G2_1,56.2
SQRDL_3,AP1S1_1,56.1
SQRDL_3,COX6B1_1,55.5
SQRDL_3,UQCRH_1,55.5
ST8SIA1_3,SNRNP70_1,55.5
ST3GAL6_3,APEX1_1,55.3
SQRDL_3,SNRPD3_1,54.3
SQRDL_3,GGPS1_1,54.2
SQRDL_3,ATP5H_1,52.2
ST3GAL6_3,TAF10_1,51.7
KCNN3_3,EIF4A1_1,50.8
CYP7B1_3,TRA2B_1,50.2
ST3GAL6_3,CETN2_1,49.5
PGM2_3,SUMO3_1,49.1
PGM2_3,SF3B4_1,48.4
SQRDL_3,EIF3CL_1,48.3
ST8SIA1_3,RRAGA_1,48.2
PGM2_3,PAIP1_1,47.9
SQRDL_3,FTL_1,47.5
SQRDL_3,PRDX5_1,47.3
TAF9_3,UQCRQ_1,47.3
SQRDL_3,RAD23A_1,47.3
SQRDL_3,HSP90B1_1,46.9
SQRDL_3,TRA2A_1,45.9
SQRDL_3,PGK1_1,45.5
SQRDL_3,EIF4A1_1,45.1
CYP7B1_3,TAF9_1,44.9
SQRDL_3,KARS_1,44.5
PGM2_3,ARPC4_1,44
SQRDL_3,NARS_1,43.9
KCNN3_3,CETN2_1,43.6
CYP7B1_3,PGK1_1,43
SQRDL_3,SUMO3_1,42.3
CYP7B1_3,RNF7_1,42.3
ST3GAL6_3,PABPN1_1,42.1
SQRDL_3,EIF5B_1,41.2
PGM2_3,SNX5_1,40.6
DCTN2_3,SNRNP70_1,40.2
DCTN2_3,ATP5O_1,40
SQRDL_3,YWHAE_1,39.8
SQRDL_3,FUNDC1_1,39.2
KCNN3_3,SNX5_1,39.1
SQRDL_3,DNASE2_1,39.1
ST3GAL6_3,HNRNPC_1,38.9
SQRDL_3,GAPDH_1,38.9
SQRDL_3,ARF5_1,38.8
DCTN2_3,RRAGA_1,38.8
SQRDL_3,ARPC4_1,38.5
CYP7B1_3,FTL_1,38.4
SQRDL_3,SNRPG_1,38.2
DCTN2_3,HNRNPU_1,38
SQRDL_3,BUD31_1,37.7
SQRDL_3,SNRPD1_1,37.3
CYP7B1_3,SNRPD2_1,37.2
CYP7B1_3,ARF5_1,37.2
ST8SIA1_3,ATP5O_1,37
KCNN3_3,ARPC4_1,37
KCNN3_3,HNRNPA1_1,36.9
SQRDL_3,SF3B4_1,36.9
CH25H_3,ATP5G3_1,36.7
SQRDL_3,ARPC2_1,36.2
SQRDL_3,NOP56_1,36.1
KCNN3_3,UBE2D2_1,35.8
PGM2_3,CETN2_1,35.5
CYP7B1_3,ATP5A1_1,35.4
RAD23A_3,ATP5G3_1,35.2
SQRDL_3,FUCA2_1,35
SQRDL_3,ELK1_1,35
ST8SIA1_3,CIRH1A_1,34.9
KCNN3_3,PAIP1_1,34.8
SQRDL_3,NPRL2_1,34.6
SQRDL_3,ATP5L_1,34.5
SQRDL_3,NOP58_1,34.3
ST8SIA1_3,PARP2_1,34.2
CYP7B1_3,CIRH1A_1,34
SQRDL_3,EHD1_1,33.8
ST8SIA1_3,RBBP4_1,33.2
CYP7B1_3,ATP5G2_1,33.2
HSD17B6_3,PABPN1_1,33.1
SQRDL_3,UQCRB_1,33.1
SQRDL_3,EPN1_1,33.1
SQRDL_3,PAIP1_1,33
ST3GAL6_3,RBBP4_1,32.5
ST8SIA1_3,SDHC_1,32.3
SQRDL_3,SNX5_1,32.2
SQRDL_3,EIF3I_1,31.8
SQRDL_3,SNRPB_1,31.7
KCNN3_3,RIOK2_1,31.4
SQRDL_3,DKC1_1,31.2
SQRDL_3,EIF3C_1,31.2
SQRDL_3,FARSB_1,31.1
ST3GAL6_3,THOC7_1,30.9
SQRDL_3,EIF6_1,30.3
KCNN3_3,SF3B4_1,30.2
SQRDL_3,WARS_1,29.9
SQRDL_3,DCP2_1,29.8
CYP7B1_3,ATP5B_1,29.3
SQRDL_3,UQCRC1_1,29.3
SQRDL_3,TUBA1C_1,29.3
MCAT_3,CETN2_1,29.3
SQRDL_3,FTH1_1,29.1
MCAT_3,EIF4A1_1,28.9
SQRDL_3,HNRNPC_1,28.6
CYP7B1_3,UQCRB_1,28.6
KCNN3_3,SUMO3_1,28.6
SQRDL_3,GEMIN7_1,28.6
KCNN3_3,ATP5E_1,28.4
DCTN2_3,DYNLL1_1,28.4
SQRDL_3,CAPZB_1,28.2
SQRDL_3,GPI_1,28
SQRDL_3,NAPA_1,27.8
CYP7B1_3,TAF10_1,27.8
SQRDL_3,UQCRQ_1,27.5
SQRDL_3,RNASEH2C_1,27.5
SQRDL_3,TCOF1_1,27.4
HSD17B6_3,RBBP4_1,27.3
SQRDL_3,PRDX1_1,27.2
SQRDL_3,ATP5E_1,27.1
TAF9_3,ATP5G3_1,27.1
SQRDL_3,HSD17B10_1,27.1
ST8SIA1_3,HSPA9_1,26.7
SQRDL_3,CWC15_1,26.7
CYP7B1_3,UQCRQ_1,26.3
SQRDL_3,U2AF1_1,26.1
PTPLAD2_3,HNRNPU_1,26
SQRDL_3,YARS_1,26
CYP7B1_3,HNRNPK_1,25.9
SQRDL_3,HNRNPA1_1,25.9
SQRDL_3,THOC7_1,25.8
SQRDL_3,TXNL4A_1,25.8
SQRDL_3,HSPD1_1,25.8
HSD17B6_3,THOC7_1,25.7
PTPLAD2_3,GEMIN8_1,25.5
SQRDL_3,HIBADH_1,25.5
SQRDL_3,SHFM1_1,25.3
SQRDL_3,ARPC5L_1,25.2
SQRDL_3,FIS1_1,25
SQRDL_3,COX8A_1,24.8
CH25H_3,ECH1_1,24.7
TAF4B_3,DYNLL1_1,24.3
TAF9_3,ATP5J_1,24.3
ST8SIA1_3,ARPC1A_1,24.2
CYP7B1_3,EHD1_1,24.1
SQRDL_3,PQBP1_1,24
KCNN3_3,PARP2_1,23.9
ST8SIA1_3,SSU72_1,23.5
PTPLAD2_3,RBBP4_1,23.4
SQRDL_3,UBE2L3_1,23.4
CYP7B1_3,SNRPD1_1,23.3
SQRDL_3,SDHB_1,23.3
SQRDL_3,UBA1_1,23.3
SQRDL_3,P2RX5_1,23
SQRDL_3,PEX13_1,23
ST8SIA1_3,UBA1_1,22.9
KCNN3_3,TAF9_1,22.7
CYP7B1_3,HMGB1_1,22.6
MCAT_3,SNX5_1,22.6
CYP7B1_3,COX7C_1,22.5
SQRDL_3,STUB1_1,22.5
TAF9_3,ARPC3_1,22.4
UNG_3,DYNLL1_1,22.4
SQRDL_3,MCAT_1,22.3
PTPLAD2_3,WIPI2_1,22.2
KCNN3_3,UQCRFS1_1,22.1
CYP7B1_3,SOD1_1,22.1
ST8SIA1_3,SH3GL1_1,22.1
SQRDL_3,ATP5J2_1,22
PTPLAD2_3,PABPN1_1,21.5
SQRDL_3,COX4I1_1,21.4
SQRDL_3,UQCRC2_1,21.4
PTPLAD2_3,ARPC1A_1,21.4
MCAT_3,PAIP1_1,21.2
FUT5_3,SNRNP70_1,21.2
SQRDL_3,SNRNP70_1,21.1
SQRDL_3,HNRNPK_1,21
CH25H_3,FTH1_1,20.8
MCAT_3,ARPC4_1,20.8
ARHGDIB_3,ATP5G3_1,20.8
SQRDL_3,CETN2_1,20.8
SQRDL_3,HSPA9_1,20.6
SQRDL_3,PDHA1_1,20.6
KCNN3_3,VAMP8_1,20.6
KCNN3_3,COX7A2L_1,20.5
ST8SIA1_3,PIGY_1,20.3
CYP7B1_3,COX5B_1,20.2
RETSAT_3,ATP5A1_1,20.1
CH25H_3,QARS_1,19.8
RETSAT_3,DYNLL1_1,19.8
SQRDL_3,NOP10_1,19.8
CYP7B1_3,BUD31_1,19.6
ST8SIA1_3,RBMX_1,19.5
TAF4B_3,PRPF31_1,19.5
XPA_3,DYNLL1_1,19.3
ST8SIA1_3,PABPN1_1,19
PTPLAD2_3,COX6A1_1,19
SQRDL_3,TUBA1B_1,18.9
SQRDL_3,EIF2S3_1,18.9
ST8SIA1_3,DDX42_1,18.9
NNMT_3,PABPN1_1,18.7
FUT5_3,SH3GL1_1,18.7
CH25H_3,ATIC_1,18.6
RETSAT_3,HNRNPU_1,18.5
TAF9_3,ATP5L_1,18.5
DCTN2_3,APEX1_1,18.3
PTPLAD2_3,EMG1_1,18.3
CYP7B1_3,TUBA1B_1,18.2
CYP7B1_3,SNRPD3_1,18.1
DCTN2_3,HSPA9_1,18
HSD17B6_3,COX7A2L_1,18
ST8SIA1_3,WIPI2_1,18
XPA_3,ATP5A1_1,17.9
XPA_3,SNRNP70_1,17.8
SQRDL_3,COX5A_1,17.7
KCNN3_3,SNRPD2_1,17.5
CYP7B1_3,UQCR10_1,17.5
FUT5_3,RRAGA_1,17.5
SQRDL_3,RRAGA_1,17.5
TAF9_3,APEX1_1,17.4
MCAT_3,PARP2_1,17.4
ST8SIA1_3,ATIC_1,17.4
CH25H_3,CIRH1A_1,17.4
ST8SIA1_3,PCBP1_1,17.4
ST8SIA1_3,ACTR3_1,17.3
RETSAT_3,ATP5O_1,17.2
BDH2_3,PARP2_1,16.8
ST8SIA1_3,EMG1_1,16.7
CYP7B1_3,HNRNPC_1,16.5
DCTN2_3,SNRPD1_1,16.5
ST8SIA1_3,ETF1_1,16.5
CH25H_3,DDX42_1,16.4
CH25H_3,SOD1_1,16.1
TAF9_3,HNRNPU_1,16
PTPLAD2_3,THOC7_1,16
SQRDL_3,ATP5B_1,16
MCAT_3,SF3B4_1,16
XPA_3,HNRNPU_1,15.9
SQRDL_3,PABPN1_1,15.9
CYP7B1_3,COX6B1_1,15.7
TAF4B_3,SSU72_1,15.7
CYP7B1_3,WARS_1,15.6
XPA_3,RRAGA_1,15.6
MCAT_3,HNRNPU_1,15.3
BDH2_3,EIF4A1_1,15.3
CH25H_3,RBMX_1,15.2
CYP7B1_3,HNRNPA1_1,15.1
DCTN2_3,UBA1_1,15.1
PTPLAD2_3,COX7B_1,15
ST8SIA1_3,CDC34_1,15
HSD17B6_3,ATP5B_1,14.9
CH25H_3,EXOSC2_1,14.9
ST8SIA1_3,SF3B5_1,14.9
PTPLAD2_3,SF3B5_1,14.8
XPA_3,RIOK2_1,14.5
SQRDL_3,MPV17L2_1,14.5
PTPLAD2_3,DYNLL1_1,14.5
KCNN3_3,HNRNPK_1,14.4
NNMT_3,RBBP4_1,14.4
ST8SIA1_3,SF3B2_1,14.4
CH25H_3,TBL3_1,14.3
SQRDL_3,TRA2B_1,14.2
DCTN2_3,ATP5A1_1,14.1
PTPLAD2_3,HNRNPA1L2_1,14.1
MCAT_3,SUMO3_1,14
BDH2_3,CETN2_1,13.9
TAF4B_3,HNRNPU_1,13.7
CYP7B1_3,DNASE2_1,13.6
KCNN3_3,ATP5G2_1,13.6
TAF4B_3,ACTR3_1,13.5
ST8SIA1_3,PRPF31_1,13.5
DCTN2_3,PARP2_1,13.2
CH25H_3,PRDX5_1,13.2
CYP7B1_3,PRPF31_1,13.2
CYP7B1_3,ATP5C1_1,13.1
CYP7B1_3,FUNDC1_1,13.1
SQRDL_3,APEX1_1,12.9
CYP7B1_3,RNASEH2C_1,12.9
UNG_3,COX6A1_1,12.9
CH25H_3,ALDOA_1,12.8
ST8SIA1_3,RARS_1,12.8
CH25H_3,UQCR10_1,12.8
CH25H_3,TAF10_1,12.8
NNMT_3,THOC7_1,12.6
BDH2_3,SNX5_1,12.6
HSD17B6_3,ATG3_1,12.6
RETSAT_3,SNRPD1_1,12.5
CH25H_3,AP1S1_1,12.5
CYP7B1_3,ATP5H_1,12.5
ST3GAL6_3,HMGB1_1,12.4
CYP7B1_3,UQCRFS1_1,12.4
DCTN2_3,RIOK2_1,12.4
CYP7B1_3,AP1S1_1,12.4
PTPLAD2_3,CNOT3_1,12.4
KCNN3_3,ARHGDIA_1,12.4
FUT5_3,ATP5A1_1,12.3
CH25H_3,SDHC_1,12.3
ST8SIA1_3,COX7B_1,12.2
ARHGDIB_3,DYNLL1_1,12.1
KCNN3_3,APEX1_1,12
HSD17B6_3,HNRNPK_1,12
SQRDL_3,UBE2D2_1,12
SQRDL_3,CDC34_1,11.9
CH25H_3,RAD23A_1,11.8
CH25H_3,COX6B1_1,11.7
CH25H_3,UQCRH_1,11.7
RDH16_3,ATP5G3_1,11.7
CH25H_3,PIGY_1,11.7
ST8SIA1_3,UBE2M_1,11.7
UNG_3,SSU72_1,11.6
PTPLAD2_3,CHMP4B_1,11.6
ST8SIA1_3,RIOK2_1,11.5
PTPLAD2_3,SUMO3_1,11.5
PGM2_3,DYNLL1_1,11.5
PGM2_3,ARPC1A_1,11.5
CH25H_3,ATP5H_1,11.5
CH25H_3,SNRPD3_1,11.4
ST8SIA1_3,CNOT3_1,11.4
HSD17B6_3,COX7C_1,11.3
SQRDL_3,ARHGDIA_1,11.3
SQRDL_3,TAF9_1,11.2
KCNN3_3,TUBA1B_1,11.2
HSD17B6_3,ATP5O_1,11.1
FUT5_3,RBBP4_1,11.1
ST8SIA1_3,EXOSC2_1,11.1
FUT5_3,ETF1_1,11.1
DCTN2_3,SDHC_1,11.1
KCNN3_3,GGPS1_1,11
MCAT_3,PABPN1_1,10.9
UNG_3,ACTR3_1,10.9
CYP7B1_3,HSD17B10_1,10.9
ST8SIA1_3,THOC7_1,10.8
TAF9_3,PARP2_1,10.8
FUT5_3,PABPN1_1,10.8
CYP7B1_3,ELK1_1,10.8
FUT5_3,SNRPD1_1,10.7
DCTN2_3,SNRPD2_1,10.7
FUT5_3,UBE2M_1,10.7
CH25H_3,COX5B_1,10.7
HSD17B6_3,PARP2_1,10.6
TAF4B_3,ATP5E_1,10.6
RDH16_3,DYNLL1_1,10.6
CYP7B1_3,ARHGDIA_1,10.6
CYP7B1_3,UQCRC2_1,10.5
RETSAT_3,BUD31_1,10.5
MMP2_3,ATP5G3_1,10.5
SQRDL_3,GARS_1,10.5
ST8SIA1_3,TOMM7_1,10.5
ST8SIA1_3,ATG12_1,10.4
FUT5_3,THOC7_1,10.3
ST8SIA1_3,ATP5C1_1,10.3
CYP7B1_3,COX7A2L_1,10.3
RETSAT_3,UQCRH_1,10.3
DCTN2_3,BUD31_1,10.3
PTPLAD2_3,ATG12_1,10.3
UNG_3,WIPI2_1,10.3
BDH2_3,ARPC4_1,10.2
ST8SIA1_3,EIF3CL_1,10.2
BDH2_3,ACTR3_1,10.2
TAF4B_3,SNRNP70_1,10.2
BDH2_3,SF3B4_1,10.2
TAF9_3,UBE2M_1,10.2
KCNN3_3,HNRNPU_1,10.1
RETSAT_3,RIOK2_1,10.1
TAF4B_3,ATP5A1_1,10
TAF9_3,PABPN1_1,10
PGM2_3,CIRH1A_1,10
ST8SIA1_3,PEX13_1,10
CH25H_3,SNRPD1_1,9.9
KCNN3_3,FTH1_1,9.9
RETSAT_3,ALDOA_1,9.9
RETSAT_3,TBL3_1,9.9
TAF4B_3,COX7C_1,9.8
TAF4B_3,TRA2B_1,9.8
CYP7B1_3,EIF1AX_1,9.8
FUT5_3,CHMP4B_1,9.7
TAF4B_3,RRAGA_1,9.7
XPA_3,SH3GL1_1,9.7
HSD17B6_3,APEX1_1,9.6
UNG_3,EMG1_1,9.6
PGM2_3,ACTR3_1,9.6
TAF4B_3,ARPC1A_1,9.6
ST8SIA1_3,SNRPD3_1,9.6
TAF4B_3,WIPI2_1,9.6
SQRDL_3,UQCRFS1_1,9.5
UNG_3,ARPC1A_1,9.5
FUT5_3,SDHC_1,9.5
UNG_3,SF3B5_1,9.5
RETSAT_3,SSU72_1,9.4
FUT5_3,PCBP1_1,9.4
CH25H_3,PRDX1_1,9.4
ST8SIA1_3,EIF3C_1,9.4
PTPLAD2_3,APEX1_1,9.3
RAD23A_3,ATP5O_1,9.3
CYP7B1_3,GGPS1_1,9.3
KCNN3_3,GARS_1,9.3
PGM2_3,SF3B5_1,9.3
PTPLAD2_3,KARS_1,9.2
PTPLAD2_3,EIF4A1_1,9.2
CYP7B1_3,NOP56_1,9.2
UNG_3,SNRNP70_1,9.2
RETSAT_3,ECH1_1,9.1
CH25H_3,EIF1AX_1,9.1
ST8SIA1_3,COX4I1_1,9
XPA_3,RBBP4_1,9
FUT5_3,RIOK2_1,9
CH25H_3,WARS_1,9
CH25H_3,EIF1_1,9
ST8SIA1_3,MPV17L2_1,9
XPA_3,PCBP1_1,9
MMP2_3,DYNLL1_1,9
RETSAT_3,FTH1_1,8.9
CYP7B1_3,PRDX5_1,8.9
CH25H_3,HNRNPA1L2_1,8.9
PGM2_3,WIPI2_1,8.9
XPA_3,SNRPD1_1,8.8
KCNN3_3,ATP5B_1,8.8
BDH2_3,SSU72_1,8.8
PGM2_3,SSU72_1,8.8
ST8SIA1_3,YWHAE_1,8.8
TAF9_3,HNRNPC_1,8.7
TAF4B_3,UQCRH_1,8.7
CH25H_3,ATP5O_1,8.6
MCAT_3,RBBP4_1,8.6
CH25H_3,FUCA2_1,8.6
RETSAT_3,ATP5E_1,8.6
NNMT_3,SUMO3_1,8.6
CH25H_3,CNOT3_1,8.6
PTPLAD2_3,FTH1_1,8.5
CYP7B1_3,EIF5B_1,8.5
CYP7B1_3,ATP5J2_1,8.5
PTPLAD2_3,SF3B4_1,8.5
KCNN3_3,HMGB1_1,8.4
CYP7B1_3,TXNL4A_1,8.4
PGM2_3,EMG1_1,8.4
CH25H_3,GGPS1_1,8.4
CH25H_3,ATG12_1,8.4
ST3GAL6_3,ATP5G3_1,8.4
PTPLAD2_3,SH3GL1_1,8.4
PGM2_3,COX7B_1,8.3
CYP7B1_3,TUBA1C_1,8.3
HSD17B6_3,SNRPD2_1,8.2
CYP7B1_3,NOP58_1,8.2
KCNN3_3,ARF5_1,8.2
UNG_3,RRAGA_1,8.2
CYP7B1_3,ATG12_1,8.1
CYP7B1_3,VAMP8_1,8.1
ST8SIA1_3,U2AF1_1,8
TAF4B_3,EMG1_1,8
CYP7B1_3,DKC1_1,8
CYP7B1_3,YWHAE_1,8
CH25H_3,HNRNPA3_1,7.9
PTPLAD2_3,ARPC4_1,7.9
CYP7B1_3,SHFM1_1,7.9
FUT5_3,DYNLL1_1,7.9
KCNN3_3,HNRNPC_1,7.8
XPA_3,THOC7_1,7.8
PTPLAD2_3,PARP2_1,7.8
DCTN2_3,ALDOA_1,7.8
TAF4B_3,ECH1_1,7.8
PTPLAD2_3,COX7A2L_1,7.8
BDH2_3,SUMO3_1,7.8
BDH2_3,PAIP1_1,7.8
CH25H_3,UQCRQ_1,7.8
RETSAT_3,SNRNP70_1,7.8
XPA_3,SDHC_1,7.8
CH25H_3,HSP90B1_1,7.7
KCNN3_3,SNRPA_1,7.7
FUT5_3,BUD31_1,7.7
KCNN3_3,ACTR3_1,7.7
RDH16_3,ARPC1A_1,7.7
RAD23A_3,SNRNP70_1,7.7
NNMT_3,APEX1_1,7.6
HSD17B6_3,HNRNPU_1,7.6
CYP7B1_3,ATP5O_1,7.6
XPA_3,PABPN1_1,7.6
KCNN3_3,SSU72_1,7.6
CYP7B1_3,HNRNPA1L2_1,7.6
CYP7B1_3,SH3GL1_1,7.6
ST8SIA1_3,CD63_1,7.6
ST8SIA1_3,EIF2S3_1,7.5
SQRDL_3,ACTR3_1,7.5
TAF4B_3,FTH1_1,7.4
UNG_3,ATP5O_1,7.4
NNMT_3,EIF4A1_1,7.4
ST8SIA1_3,FTL_1,7.4
CH25H_3,BUD31_1,7.4
PTPLAD2_3,ARF5_1,7.4
KCNN3_3,SDHC_1,7.4
PGM2_3,PRPF31_1,7.4
CYP7B1_3,APEX1_1,7.3
TAF4B_3,SNRPD1_1,7.3
CH25H_3,KARS_1,7.3
PGM2_3,PARP2_1,7.3
XPA_3,ATP5O_1,7.3
CYP7B1_3,PABPN1_1,7.3
NNMT_3,RIOK2_1,7.3
RETSAT_3,ACTR3_1,7.3
TAF4B_3,TBL3_1,7.3
CH25H_3,ATP5L_1,7.2
TAF4B_3,SF3B5_1,7.2
MCAT_3,APEX1_1,7.1
CH25H_3,PARP2_1,7.1
CH25H_3,NARS_1,7.1
TAF9_3,ATP5O_1,7.1
SQRDL_3,RBBP4_1,7.1
UNG_3,COX7B_1,7.1
TAF9_3,RIOK2_1,7.1
CH25H_3,EIF3CL_1,7.1
SQRDL_3,HNRNPU_1,7
TAF4B_3,TAF9_1,7
PGM2_3,RBBP4_1,7
CYP7B1_3,UBE2D2_1,7
CH25H_3,HSPD1_1,7
XPA_3,ETF1_1,7
FUT5_3,ARF5_1,7
CH25H_3,GEMIN8_1,7
ST3GAL6_3,SNRPD2_1,6.9
ST8SIA1_3,QARS_1,6.9
ST3GAL6_3,HNRNPA3_1,6.8
BDH2_3,FTH1_1,6.8
FUT5_3,HMGB1_1,6.8
KCNN3_3,HSPA9_1,6.8
CH25H_3,FTL_1,6.8
CYP7B1_3,GEMIN8_1,6.8
PGM2_3,SNRNP70_1,6.8
BDH2_3,COX6A1_1,6.8
CYP7B1_3,CWC15_1,6.8
SQRDL_3,SH3GL1_1,6.8
DCTN2_3,SH3GL1_1,6.8
FUT5_3,HNRNPU_1,6.7
CH25H_3,EIF5B_1,6.7
KCNN3_3,TRA2B_1,6.7
CH25H_3,ATP5E_1,6.7
FUT5_3,ATP5J_1,6.7
CH25H_3,NPRL2_1,6.7
CYP7B1_3,GPI_1,6.7
KCNN3_3,CD63_1,6.7
UNG_3,HNRNPU_1,6.6
PTPLAD2_3,SNX5_1,6.6
ST8SIA1_3,HSPD1_1,6.6
CH25H_3,ELK1_1,6.6
SQRDL_3,ATP5C1_1,6.5
SQRDL_3,SSU72_1,6.5
CYP7B1_3,EIF3CL_1,6.5
ST8SIA1_3,HNRNPA1L2_1,6.5
RETSAT_3,ARPC1A_1,6.5
CH25H_3,TRA2A_1,6.5
CH25H_3,GAPDH_1,6.4
PTPLAD2_3,HNRNPA1_1,6.4
XPA_3,HMGB1_1,6.4
KCNN3_3,COX7B_1,6.4
ST8SIA1_3,CAPZB_1,6.4
ST8SIA1_3,GEMIN8_1,6.4
UNG_3,ATP5A1_1,6.3
TAF9_3,RBBP4_1,6.3
CYP7B1_3,FARSB_1,6.3
XPA_3,BUD31_1,6.3
DCTN2_3,CHMP4B_1,6.3
KCNN3_3,TBL3_1,6.3
CYP7B1_3,HSP90B1_1,6.2
UNG_3,FTH1_1,6.2
XPA_3,HSPA9_1,6.2
CYP7B1_3,U2AF1_1,6.2
CH25H_3,NOP56_1,6.2
CYP7B1_3,TCOF1_1,6.1
ST8SIA1_3,TUBA1C_1,6.1
ST8SIA1_3,ATP5J2_1,6.1
CH25H_3,STUB1_1,6.1
CH25H_3,EIF6_1,6.1
CH25H_3,EPN1_1,6.1
PTPLAD2_3,TOMM7_1,6.1
HSD17B6_3,HNRNPC_1,6
CYP7B1_3,GAPDH_1,6
FUT5_3,HSPA9_1,6
CH25H_3,ARPC2_1,6
PTPLAD2_3,PAIP1_1,6
DCTN2_3,GGPS1_1,6
TAF4B_3,BUD31_1,6
CH25H_3,DYNLL1_1,6
ST8SIA1_3,YARS_1,5.9
CH25H_3,SNRPG_1,5.9
TAF9_3,GGPS1_1,5.9
ST8SIA1_3,COX5A_1,5.9
RETSAT_3,WIPI2_1,5.9
ST8SIA1_3,COX6A1_1,5.9
MCAT_3,COX7B_1,5.8
KCNN3_3,EMG1_1,5.8
RETSAT_3,EIF1_1,5.8
MCAT_3,ATP5G3_1,5.8
KCNN3_3,WIPI2_1,5.8
MCAT_3,WIPI2_1,5.8
ST8SIA1_3,FARSB_1,5.7
CYP7B1_3,SNRPG_1,5.7
CYP7B1_3,SNRPB_1,5.7
PGM2_3,UQCRQ_1,5.7
CH25H_3,ATP5G2_1,5.7
ST8SIA1_3,NPRL2_1,5.7
ST8SIA1_3,NAPA_1,5.7
ST8SIA1_3,EIF3I_1,5.6
CYP7B1_3,EIF3I_1,5.6
PGM2_3,RRAGA_1,5.6
TAF9_3,PRPF31_1,5.6
ST3GAL6_3,SH3GL1_1,5.6
DCTN2_3,HNRNPC_1,5.5
PGM2_3,HSPA9_1,5.5
ST8SIA1_3,ARPC5L_1,5.5
CH25H_3,COX7A2L_1,5.5
KCNN3_3,QARS_1,5.5
MCAT_3,SSU72_1,5.5
CH25H_3,UQCRC1_1,5.5
TAF4B_3,EIF1_1,5.5
CH25H_3,CAPZB_1,5.5
PTPLAD2_3,UQCRQ_1,5.5
MCAT_3,ACTR3_1,5.5
MCAT_3,ARPC1A_1,5.5
UNG_3,TBL3_1,5.5
CH25H_3,TAF9_1,5.4
FUT5_3,ATP5O_1,5.4
UNG_3,ECH1_1,5.4
ST8SIA1_3,SHFM1_1,5.4
ST8SIA1_3,NOP58_1,5.4
CYP7B1_3,PDHA1_1,5.4
CH25H_3,COX8A_1,5.4
RETSAT_3,TAF9_1,5.3
CH25H_3,FARSB_1,5.3
MCAT_3,EMG1_1,5.3
KCNN3_3,UQCRC2_1,5.3
CYP7B1_3,UBE2L3_1,5.3
KCNN3_3,ARPC1A_1,5.3
CH25H_3,FIS1_1,5.3
RETSAT_3,RRAGA_1,5.3
PTPLAD2_3,VAMP8_1,5.3
CH25H_3,PRPF31_1,5.3
RETSAT_3,SNRPD2_1,5.2
TAF4B_3,COX7B_1,5.2
KCNN3_3,ATP5L_1,5.2
DCTN2_3,CDC34_1,5.2
CH25H_3,ATP5B_1,5.1
CH25H_3,TXNL4A_1,5.1
PTPLAD2_3,PGK1_1,5.1
RETSAT_3,EMG1_1,5.1
PGM2_3,FTL_1,5.1
RETSAT_3,NOP56_1,5.1
KCNN3_3,ATIC_1,5.1
FUT5_3,UBA1_1,5.1
ST8SIA1_3,COX7C_1,5
XPA_3,UQCRQ_1,5
ST8SIA1_3,EIF6_1,5
CYP7B1_3,GEMIN7_1,5
KCNN3_3,SF3B5_1,5
ST8SIA1_3,ATP5A1_1,4.9
DCTN2_3,ATP5B_1,4.9
KCNN3_3,RBMX_1,4.9
CYP7B1_3,SDHB_1,4.9
CH25H_3,DCP2_1,4.9
PTPLAD2_3,EIF5B_1,4.8
CH25H_3,EIF2S3_1,4.8
UNG_3,UQCRQ_1,4.8
ST8SIA1_3,COX8A_1,4.8
KCNN3_3,ATP5J_1,4.8
CH25H_3,COX5A_1,4.8
CH25H_3,EIF3I_1,4.7
KCNN3_3,ECH1_1,4.7
DCTN2_3,ECH1_1,4.7
FUT5_3,SF3B2_1,4.7
CYP7B1_3,ARPC2_1,4.7
KCNN3_3,RNF7_1,4.7
PTPLAD2_3,ACTR3_1,4.7
CYP7B1_3,ACTR3_1,4.7
CH25H_3,PQBP1_1,4.7
CYP7B1_3,GARS_1,4.7
FUT5_3,SNRPD3_1,4.7
DCTN2_3,HNRNPA3_1,4.6
CH25H_3,HMGB1_1,4.6
CYP7B1_3,RBBP4_1,4.6
KCNN3_3,EXOSC2_1,4.6
CYP7B1_3,YARS_1,4.6
CH25H_3,SNRPB_1,4.6
CH25H_3,TUBA1C_1,4.6
CH25H_3,GPI_1,4.6
RETSAT_3,SF3B5_1,4.6
CYP7B1_3,THOC7_1,4.5
SQRDL_3,ATG3_1,4.5
CH25H_3,NOP10_1,4.5
CH25H_3,UQCRB_1,4.4
ST8SIA1_3,PQBP1_1,4.4
CH25H_3,EIF3C_1,4.4
TAF4B_3,HSPA9_1,4.3
PTPLAD2_3,SSU72_1,4.3
CH25H_3,YARS_1,4.3
CH25H_3,DKC1_1,4.3
ST8SIA1_3,PDHA1_1,4.3
FUT5_3,DDX42_1,4.3
KCNN3_3,PIGY_1,4.3
CH25H_3,HSD17B10_1,4.3
CYP7B1_3,NOP10_1,4.3
ST8SIA1_3,STUB1_1,4.3
PTPLAD2_3,YWHAE_1,4.3
CYP7B1_3,NARS_1,4.2
CYP7B1_3,SSU72_1,4.2
SQRDL_3,ETF1_1,4.2
ST8SIA1_3,DCP2_1,4.2
CH25H_3,MPV17L2_1,4.2
CH25H_3,ATP5J2_1,4.2
PTPLAD2_3,GARS_1,4.2
CYP7B1_3,TOMM7_1,4.2
CH25H_3,TCOF1_1,4.1
CH25H_3,PDHA1_1,4.1
CH25H_3,HIBADH_1,4.1
CYP7B1_3,HIBADH_1,4.1
ST8SIA1_3,FIS1_1,4.1
CYP7B1_3,PRDX1_1,4.1
SQRDL_3,ATP5A1_1,4
CH25H_3,TRA2B_1,4
PTPLAD2_3,UQCRB_1,4
CH25H_3,NOP58_1,4
CH25H_3,SDHB_1,4
ST8SIA1_3,UBE2L3_1,4
CH25H_3,FUNDC1_1,4
CH25H_3,ARPC5L_1,3.9
ST8SIA1_3,UQCRC2_1,3.9
CYP7B1_3,RARS_1,3.9
KCNN3_3,DDX42_1,3.9
SQRDL_3,PCBP1_1,3.9
CYP7B1_3,PQBP1_1,3.9
CYP7B1_3,P2RX5_1,3.9
ST8SIA1_3,COX5B_1,3.9
CH25H_3,MCAT_1,3.9
CYP7B1_3,COX7B_1,3.8
SQRDL_3,ARPC3_1,3.8
CH25H_3,SHFM1_1,3.8
ST8SIA1_3,TCOF1_1,3.8
ST8SIA1_3,SNRPB_1,3.8
ST8SIA1_3,EIF1AX_1,3.8
ST8SIA1_3,P2RX5_1,3.8
CYP7B1_3,COX5A_1,3.8
ST8SIA1_3,GEMIN7_1,3.8
SQRDL_3,UBE2M_1,3.8
SQRDL_3,PARP2_1,3.7
ST8SIA1_3,UQCRB_1,3.7
CH25H_3,RNF7_1,3.7
CYP7B1_3,EIF2S3_1,3.7
CYP7B1_3,ARPC1A_1,3.7
ST8SIA1_3,TAF10_1,3.7
ST8SIA1_3,HNRNPA3_1,3.6
CH25H_3,HNRNPK_1,3.6
KCNN3_3,ETF1_1,3.6
ST8SIA1_3,WARS_1,3.6
KCNN3_3,EIF1_1,3.6
CYP7B1_3,EPN1_1,3.6
CH25H_3,CWC15_1,3.6
KCNN3_3,THOC7_1,3.5
CH25H_3,COX4I1_1,3.5
CYP7B1_3,FUCA2_1,3.5
CYP7B1_3,UQCRC1_1,3.5
CH25H_3,UBE2L3_1,3.5
ST8SIA1_3,HIBADH_1,3.5
CYP7B1_3,NPRL2_1,3.5
CYP7B1_3,EIF3C_1,3.5
ST8SIA1_3,DKC1_1,3.4
CH25H_3,DNASE2_1,3.4
ST8SIA1_3,EHD1_1,3.4
CH25H_3,PEX13_1,3.4
ST8SIA1_3,SDHB_1,3.3
CH25H_3,NAPA_1,3.3
ST8SIA1_3,PRDX5_1,3.2
ST8SIA1_3,COX7A2L_1,3.2
CYP7B1_3,HSPD1_1,3.2
CYP7B1_3,CHMP4B_1,3.2
ST8SIA1_3,NOP10_1,3.2
ST8SIA1_3,AP1S1_1,3.2
SQRDL_3,ATP5O_1,3.1
CYP7B1_3,EMG1_1,3.1
ST8SIA1_3,RNASEH2C_1,3.1
CYP7B1_3,UQCRH_1,3
ST8SIA1_3,ATP5H_1,3
ST8SIA1_3,PRDX1_1,3
CH25H_3,UQCRC2_1,2.9
ST8SIA1_3,ATG3_1,2.9
CH25H_3,GEMIN7_1,2.9
CYP7B1_3,CNOT3_1,2.9
CYP7B1_3,KARS_1,2.8
CYP7B1_3,COX4I1_1,2.8
ST8SIA1_3,SOD1_1,2.8
CH25H_3,YWHAE_1,2.8
ST8SIA1_3,CWC15_1,2.8
ST8SIA1_3,SNRPD1_1,2.7
CH25H_3,U2AF1_1,2.7
ST8SIA1_3,DNASE2_1,2.7
CYP7B1_3,EIF6_1,2.7
CH25H_3,RNASEH2C_1,2.7
CYP7B1_3,WIPI2_1,2.7
CH25H_3,ARHGDIA_1,2.7
ST8SIA1_3,GPI_1,2.7
CYP7B1_3,SF3B5_1,2.7
CH25H_3,P2RX5_1,2.6
ST8SIA1_3,HNRNPK_1,2.5
ST8SIA1_3,COX6B1_1,2.5
ST8SIA1_3,TXNL4A_1,2.5
CH25H_3,TUBA1B_1,2.5
CH25H_3,SF3B5_1,2.5
CH25H_3,ATP5A1_1,2.4
ST8SIA1_3,TAF9_1,2.4
CYP7B1_3,RIOK2_1,2.4
ST8SIA1_3,HSD17B10_1,2.4
CH25H_3,GARS_1,2.4
CYP7B1_3,FIS1_1,2.4
CH25H_3,WIPI2_1,2.4
CH25H_3,CD63_1,2.4
CYP7B1_3,ATP5E_1,2.3
CH25H_3,UBA1_1,2.3
CYP7B1_3,ARPC5L_1,2.2
SQRDL_3,SF3B2_1,2.2
ST8SIA1_3,FUNDC1_1,2.2
SQRDL_3,ATP5J_1,2.1
CYP7B1_3,NAPA_1,2.1
